{
  "posts": [
    {
      "title": "Новости ОМК",
      "body": "ЬБАлывтплтвдало длыват л оывраоцурао ицулдцуолаот цаутцлуатлцоа ",
      "date": "2023-01-31",
      "id": 2
    },
    {
      "title": "Новости ОМК",
      "body": "ЬБАлывтплтвдало длыват л оывраоцурао ицулдцуолаот цаутцлуатлцоа ",
      "date": "2023-01-31",
      "id": 3
    },
    {
      "title": "Новости ОМК",
      "body": "ЬБАлывтплтвдало длыват л оывраоцурао ицулдцуолаот цаутцлуатлцоа ",
      "date": "2023-01-31",
      "id": 4
    }
  ]
}
